Time,Day,Weather,Vehicle_Count,Speed,Traffic_Level
07:00,Tuesday,Sunny,70,68,Low
14:00,Wednesday,Rainy,24,66,Low
21:00,Thursday,Rainy,195,36,Medium
10:00,Sunday,Cloudy,192,64,Medium
08:00,Wednesday,Rainy,47,21,Medium
13:00,Wednesday,Sunny,146,79,Medium
08:00,Friday,Rainy,230,44,High
18:00,Friday,Sunny,130,70,Medium
09:00,Monday,Sunny,84,38,Medium
06:00,Sunday,Sunny,102,32,Medium
16:00,Thursday,Rainy,161,18,High
12:00,Sunday,Cloudy,88,42,Low
16:00,Wednesday,Cloudy,164,36,Medium
18:00,Tuesday,Cloudy,295,44,High
06:00,Tuesday,Rainy,223,40,High
10:00,Friday,Rainy,263,42,High
19:00,Monday,Rainy,87,21,Medium
18:00,Wednesday,Rainy,293,79,High
21:00,Thursday,Rainy,294,63,High
19:00,Tuesday,Rainy,89,32,Medium
19:00,Friday,Cloudy,96,61,Low
14:00,Friday,Cloudy,297,74,High
14:00,Thursday,Sunny,34,74,Low
18:00,Friday,Rainy,95,34,Medium
22:00,Tuesday,Cloudy,211,79,Medium
21:00,Thursday,Sunny,81,65,Low
14:00,Monday,Sunny,26,40,Low
11:00,Monday,Cloudy,76,14,High
15:00,Friday,Cloudy,149,17,High
20:00,Monday,Cloudy,126,22,Medium
07:00,Tuesday,Rainy,111,24,Medium
15:00,Monday,Cloudy,270,46,High
09:00,Thursday,Sunny,45,60,Low
16:00,Thursday,Cloudy,247,54,High
07:00,Wednesday,Rainy,59,75,Low
15:00,Tuesday,Cloudy,80,42,Low
12:00,Friday,Rainy,91,39,Medium
16:00,Friday,Rainy,70,62,Low
10:00,Saturday,Sunny,278,15,High
14:00,Monday,Cloudy,268,20,High
19:00,Saturday,Rainy,79,12,High
09:00,Sunday,Cloudy,229,75,High
13:00,Saturday,Sunny,135,57,Medium
07:00,Friday,Rainy,216,14,High
20:00,Monday,Rainy,185,13,High
12:00,Wednesday,Sunny,259,53,High
13:00,Tuesday,Rainy,97,65,Low
10:00,Saturday,Rainy,236,46,High
06:00,Saturday,Sunny,121,24,Medium
11:00,Wednesday,Rainy,151,33,Medium
17:00,Wednesday,Cloudy,193,57,Medium
14:00,Saturday,Sunny,300,71,High
11:00,Monday,Cloudy,217,31,Medium
08:00,Thursday,Rainy,216,40,Medium
18:00,Tuesday,Sunny,231,63,High
18:00,Wednesday,Rainy,112,19,High
09:00,Sunday,Cloudy,142,28,Medium
10:00,Friday,Rainy,257,29,High
19:00,Friday,Rainy,202,75,Medium
22:00,Saturday,Rainy,42,31,Medium
08:00,Monday,Rainy,264,35,High
11:00,Sunday,Rainy,28,11,High
13:00,Friday,Cloudy,70,23,Medium
22:00,Sunday,Cloudy,208,28,Medium
14:00,Friday,Cloudy,24,25,Medium
11:00,Saturday,Sunny,108,60,Low
17:00,Monday,Cloudy,168,16,High
06:00,Saturday,Cloudy,92,59,Low
16:00,Saturday,Rainy,265,29,High
17:00,Thursday,Sunny,260,35,High
18:00,Thursday,Sunny,158,15,High
10:00,Tuesday,Cloudy,210,11,High
08:00,Tuesday,Cloudy,281,46,High
13:00,Friday,Rainy,297,29,High
17:00,Thursday,Cloudy,297,60,High
21:00,Sunday,Rainy,105,15,High
14:00,Saturday,Sunny,255,12,High
10:00,Saturday,Rainy,166,52,Medium
22:00,Saturday,Rainy,207,70,Medium
20:00,Friday,Cloudy,234,37,High
17:00,Monday,Sunny,83,28,Medium
15:00,Saturday,Cloudy,195,68,Medium
12:00,Thursday,Cloudy,248,62,High
09:00,Tuesday,Sunny,226,76,High
09:00,Thursday,Rainy,182,22,Medium
15:00,Sunday,Sunny,264,53,High
08:00,Wednesday,Cloudy,238,53,High
10:00,Thursday,Cloudy,214,44,Medium
09:00,Monday,Cloudy,285,30,High
14:00,Tuesday,Rainy,207,24,Medium
07:00,Thursday,Cloudy,67,32,Medium
20:00,Saturday,Sunny,296,49,High
20:00,Sunday,Sunny,116,16,High
12:00,Monday,Cloudy,84,21,Medium
08:00,Friday,Sunny,39,12,High
19:00,Monday,Rainy,109,80,Low
06:00,Friday,Cloudy,23,79,Low
06:00,Saturday,Sunny,165,16,High
07:00,Wednesday,Cloudy,189,70,Medium
17:00,Tuesday,Sunny,295,16,High
09:00,Sunday,Cloudy,55,60,Low
11:00,Tuesday,Rainy,200,43,Medium
16:00,Wednesday,Sunny,299,25,High
15:00,Tuesday,Rainy,251,25,High
20:00,Tuesday,Sunny,80,47,Low
14:00,Tuesday,Rainy,30,31,Medium
13:00,Sunday,Rainy,206,24,Medium
09:00,Wednesday,Sunny,187,65,Medium
16:00,Saturday,Cloudy,214,58,Medium
16:00,Tuesday,Rainy,59,63,Low
18:00,Wednesday,Cloudy,220,13,High
21:00,Saturday,Rainy,294,63,High
15:00,Thursday,Rainy,297,23,High
14:00,Saturday,Cloudy,168,39,Medium
19:00,Tuesday,Rainy,63,75,Low
06:00,Saturday,Cloudy,211,67,Medium
13:00,Friday,Rainy,59,20,Medium
17:00,Thursday,Cloudy,254,59,High
16:00,Wednesday,Rainy,280,31,High
12:00,Monday,Sunny,44,23,Medium
08:00,Tuesday,Rainy,228,67,High
08:00,Wednesday,Sunny,119,56,Low
08:00,Tuesday,Sunny,181,27,Medium
10:00,Sunday,Cloudy,255,72,High
11:00,Friday,Sunny,291,24,High
14:00,Thursday,Sunny,59,72,Low
19:00,Sunday,Cloudy,217,59,Medium
11:00,Sunday,Sunny,285,14,High
09:00,Friday,Rainy,169,62,Medium
09:00,Sunday,Cloudy,44,72,Low
19:00,Thursday,Cloudy,118,16,High
21:00,Tuesday,Cloudy,158,52,Medium
22:00,Sunday,Rainy,68,38,Medium
21:00,Thursday,Rainy,213,58,Medium
12:00,Friday,Rainy,208,42,Medium
16:00,Friday,Sunny,56,50,Low
08:00,Sunday,Sunny,125,72,Medium
09:00,Saturday,Sunny,298,10,High
06:00,Saturday,Rainy,271,45,High
19:00,Tuesday,Rainy,107,76,Low
07:00,Friday,Sunny,272,48,High
13:00,Wednesday,Cloudy,295,56,High
11:00,Thursday,Cloudy,68,54,Low
08:00,Thursday,Cloudy,221,74,High
14:00,Sunday,Rainy,37,60,Low
21:00,Friday,Sunny,76,16,High
12:00,Saturday,Sunny,243,75,High
08:00,Friday,Cloudy,194,39,Medium
20:00,Monday,Cloudy,78,51,Low
17:00,Thursday,Sunny,246,37,High
20:00,Tuesday,Cloudy,275,13,High
10:00,Saturday,Sunny,135,69,Medium
20:00,Sunday,Rainy,97,77,Low
10:00,Wednesday,Rainy,154,48,Medium
16:00,Tuesday,Cloudy,56,49,Low
15:00,Monday,Sunny,105,68,Low
13:00,Tuesday,Rainy,170,30,Medium
08:00,Saturday,Rainy,283,59,High
19:00,Saturday,Cloudy,253,63,High
14:00,Thursday,Cloudy,76,29,Medium
12:00,Saturday,Rainy,112,26,Medium
21:00,Wednesday,Rainy,217,18,High
08:00,Saturday,Rainy,212,29,Medium
17:00,Monday,Sunny,107,29,Medium
06:00,Saturday,Sunny,121,79,Medium
21:00,Wednesday,Cloudy,207,21,Medium
13:00,Saturday,Rainy,210,59,Medium
06:00,Sunday,Cloudy,284,51,High
13:00,Saturday,Cloudy,217,78,Medium
11:00,Sunday,Cloudy,300,40,High
17:00,Wednesday,Rainy,255,20,High
21:00,Wednesday,Sunny,164,67,Medium
13:00,Friday,Rainy,50,43,Low
21:00,Friday,Sunny,237,15,High
19:00,Thursday,Sunny,80,39,Medium
07:00,Saturday,Rainy,66,54,Low
17:00,Thursday,Rainy,23,35,Medium
16:00,Tuesday,Cloudy,168,36,Medium
06:00,Thursday,Cloudy,113,20,Medium
20:00,Thursday,Sunny,246,48,High
13:00,Saturday,Rainy,74,14,High
13:00,Sunday,Rainy,264,25,High
12:00,Friday,Cloudy,139,32,Medium
09:00,Monday,Cloudy,100,74,Low
12:00,Sunday,Cloudy,166,78,Medium
10:00,Saturday,Cloudy,218,44,Medium
08:00,Tuesday,Sunny,23,26,Medium
12:00,Wednesday,Cloudy,116,30,Medium
19:00,Saturday,Rainy,275,23,High
16:00,Monday,Rainy,63,11,High
15:00,Saturday,Cloudy,83,29,Medium
22:00,Sunday,Sunny,219,47,Medium
12:00,Monday,Cloudy,260,53,High
14:00,Friday,Sunny,78,32,Medium
10:00,Friday,Sunny,300,11,High
12:00,Friday,Rainy,145,21,Medium
07:00,Tuesday,Sunny,126,73,Medium
16:00,Monday,Rainy,105,71,Low
16:00,Friday,Rainy,295,53,High
15:00,Saturday,Sunny,64,36,Medium
14:00,Wednesday,Cloudy,42,38,Medium
22:00,Tuesday,Cloudy,294,68,High
11:00,Monday,Sunny,202,10,High
16:00,Saturday,Sunny,262,33,High
15:00,Thursday,Sunny,294,50,High
12:00,Thursday,Rainy,191,30,Medium
10:00,Friday,Cloudy,273,49,High
08:00,Saturday,Cloudy,113,15,High
19:00,Tuesday,Sunny,133,39,Medium
12:00,Monday,Sunny,96,43,Low
08:00,Wednesday,Sunny,22,14,High
09:00,Monday,Sunny,266,25,High
21:00,Thursday,Sunny,79,75,Low
21:00,Thursday,Sunny,277,51,High
22:00,Sunday,Rainy,145,56,Medium
14:00,Wednesday,Cloudy,214,42,Medium
17:00,Thursday,Cloudy,295,19,High
17:00,Thursday,Rainy,107,24,Medium
09:00,Tuesday,Cloudy,231,54,High
09:00,Wednesday,Sunny,144,37,Medium
08:00,Sunday,Rainy,226,30,High
13:00,Sunday,Sunny,63,50,Low
14:00,Thursday,Cloudy,241,29,High
08:00,Friday,Sunny,185,28,Medium
18:00,Wednesday,Sunny,139,14,High
10:00,Saturday,Sunny,28,71,Low
09:00,Sunday,Sunny,298,24,High
08:00,Wednesday,Sunny,209,72,Medium
22:00,Sunday,Rainy,191,14,High
22:00,Wednesday,Cloudy,296,75,High
21:00,Tuesday,Rainy,255,31,High
15:00,Thursday,Rainy,146,72,Medium
12:00,Saturday,Cloudy,153,70,Medium
21:00,Tuesday,Rainy,274,14,High
22:00,Sunday,Cloudy,147,35,Medium
19:00,Thursday,Sunny,176,61,Medium
13:00,Wednesday,Sunny,193,40,Medium
13:00,Thursday,Rainy,253,80,High
09:00,Thursday,Rainy,64,40,Low
08:00,Wednesday,Sunny,128,59,Medium
13:00,Wednesday,Sunny,96,47,Low
22:00,Monday,Rainy,53,11,High
08:00,Monday,Rainy,125,34,Medium
09:00,Sunday,Cloudy,222,16,High
13:00,Friday,Sunny,163,61,Medium
15:00,Wednesday,Sunny,91,13,High
13:00,Monday,Cloudy,149,37,Medium
17:00,Tuesday,Sunny,269,56,High
19:00,Wednesday,Rainy,58,57,Low
10:00,Tuesday,Sunny,296,44,High
16:00,Friday,Cloudy,57,64,Low
13:00,Wednesday,Cloudy,291,61,High
13:00,Friday,Rainy,179,42,Medium
15:00,Friday,Cloudy,52,37,Medium
21:00,Friday,Rainy,286,20,High
15:00,Thursday,Rainy,212,52,Medium
14:00,Saturday,Rainy,226,10,High
06:00,Friday,Rainy,32,53,Low
08:00,Friday,Rainy,74,23,Medium
17:00,Sunday,Cloudy,262,78,High
18:00,Monday,Sunny,63,39,Medium
07:00,Friday,Sunny,92,25,Medium
09:00,Sunday,Rainy,72,50,Low
07:00,Tuesday,Sunny,285,15,High
14:00,Monday,Sunny,250,66,High
16:00,Tuesday,Sunny,22,31,Medium
12:00,Monday,Sunny,215,39,Medium
11:00,Wednesday,Cloudy,257,25,High
17:00,Friday,Sunny,284,62,High
07:00,Friday,Cloudy,66,31,Medium
14:00,Tuesday,Sunny,198,30,Medium
15:00,Thursday,Cloudy,151,21,Medium
16:00,Tuesday,Rainy,277,75,High
19:00,Saturday,Rainy,151,68,Medium
19:00,Wednesday,Rainy,187,32,Medium
15:00,Tuesday,Rainy,57,20,Medium
14:00,Saturday,Rainy,293,43,High
08:00,Sunday,Cloudy,104,71,Low
17:00,Friday,Sunny,34,36,Medium
10:00,Wednesday,Rainy,31,44,Low
21:00,Saturday,Rainy,241,25,High
14:00,Monday,Cloudy,37,29,Medium
09:00,Monday,Sunny,249,73,High
06:00,Sunday,Rainy,258,29,High
09:00,Saturday,Sunny,276,32,High
17:00,Sunday,Cloudy,127,67,Medium
21:00,Friday,Sunny,155,49,Medium
09:00,Friday,Rainy,45,52,Low
11:00,Friday,Rainy,40,26,Medium
11:00,Sunday,Sunny,213,18,High
16:00,Wednesday,Cloudy,80,73,Low
07:00,Sunday,Cloudy,209,66,Medium
19:00,Friday,Rainy,277,35,High
07:00,Saturday,Rainy,145,14,High
06:00,Saturday,Sunny,240,32,High
17:00,Tuesday,Rainy,56,50,Low
19:00,Monday,Cloudy,187,23,Medium
10:00,Saturday,Sunny,38,37,Medium
09:00,Saturday,Rainy,215,32,Medium
07:00,Monday,Cloudy,196,48,Medium
21:00,Friday,Cloudy,267,29,High
07:00,Wednesday,Rainy,274,55,High
14:00,Thursday,Rainy,95,67,Low
18:00,Wednesday,Sunny,59,27,Medium
13:00,Saturday,Sunny,219,40,Medium
07:00,Friday,Rainy,256,49,High
20:00,Monday,Rainy,185,77,Medium
18:00,Wednesday,Cloudy,53,56,Low
09:00,Wednesday,Cloudy,49,16,High
10:00,Wednesday,Cloudy,39,31,Medium
21:00,Monday,Rainy,120,38,Medium
12:00,Sunday,Sunny,34,79,Low
19:00,Friday,Sunny,265,42,High
11:00,Monday,Cloudy,35,20,Medium
08:00,Friday,Sunny,213,78,Medium
09:00,Thursday,Rainy,59,61,Low
06:00,Sunday,Rainy,128,25,Medium
14:00,Friday,Rainy,65,24,Medium
12:00,Tuesday,Cloudy,34,57,Low
16:00,Thursday,Sunny,35,79,Low
19:00,Sunday,Rainy,30,55,Low
15:00,Friday,Cloudy,263,23,High
21:00,Monday,Cloudy,116,27,Medium
15:00,Wednesday,Cloudy,54,41,Low
19:00,Thursday,Cloudy,180,50,Medium
17:00,Tuesday,Rainy,67,55,Low
19:00,Saturday,Sunny,286,10,High
17:00,Friday,Cloudy,195,67,Medium
17:00,Sunday,Sunny,45,73,Low
10:00,Wednesday,Rainy,92,33,Medium
08:00,Wednesday,Sunny,261,25,High
10:00,Wednesday,Sunny,125,79,Medium
09:00,Friday,Cloudy,22,42,Low
18:00,Saturday,Cloudy,168,72,Medium
12:00,Monday,Rainy,123,29,Medium
14:00,Sunday,Sunny,282,44,High
11:00,Friday,Cloudy,238,41,High
13:00,Friday,Cloudy,78,37,Medium
20:00,Tuesday,Sunny,132,55,Medium
15:00,Friday,Cloudy,279,29,High
07:00,Monday,Sunny,109,53,Low
07:00,Friday,Sunny,210,61,Medium
21:00,Friday,Rainy,129,28,Medium
22:00,Friday,Sunny,128,76,Medium
15:00,Thursday,Sunny,267,78,High
14:00,Monday,Sunny,190,31,Medium
12:00,Sunday,Rainy,33,52,Low
21:00,Wednesday,Rainy,95,79,Low
06:00,Sunday,Sunny,157,18,High
17:00,Friday,Sunny,30,31,Medium
07:00,Monday,Cloudy,205,78,Medium
21:00,Friday,Rainy,25,41,Low
16:00,Thursday,Sunny,226,35,High
10:00,Tuesday,Cloudy,176,47,Medium
06:00,Wednesday,Rainy,266,69,High
19:00,Sunday,Sunny,61,10,High
11:00,Thursday,Rainy,50,39,Medium
06:00,Wednesday,Sunny,114,18,High
09:00,Wednesday,Cloudy,54,19,High
15:00,Saturday,Sunny,40,70,Low
12:00,Thursday,Rainy,126,68,Medium
19:00,Tuesday,Cloudy,176,76,Medium
08:00,Tuesday,Rainy,278,41,High
08:00,Tuesday,Cloudy,148,41,Medium
10:00,Sunday,Cloudy,93,74,Low
11:00,Tuesday,Cloudy,300,63,High
11:00,Thursday,Sunny,158,60,Medium
06:00,Wednesday,Rainy,240,51,High
15:00,Monday,Rainy,73,35,Medium
15:00,Wednesday,Cloudy,65,43,Low
20:00,Tuesday,Sunny,25,17,High
19:00,Monday,Rainy,71,62,Low
15:00,Tuesday,Sunny,46,76,Low
13:00,Monday,Rainy,71,24,Medium
10:00,Thursday,Sunny,81,52,Low
18:00,Tuesday,Cloudy,55,75,Low
17:00,Monday,Sunny,193,12,High
22:00,Monday,Cloudy,148,76,Medium
18:00,Friday,Sunny,169,18,High
19:00,Thursday,Cloudy,41,74,Low
09:00,Thursday,Sunny,101,80,Low
16:00,Friday,Rainy,229,54,High
11:00,Thursday,Sunny,244,76,High
15:00,Tuesday,Sunny,79,53,Low
09:00,Monday,Cloudy,82,79,Low
10:00,Friday,Sunny,167,67,Medium
10:00,Monday,Sunny,298,29,High
09:00,Sunday,Cloudy,222,65,High
07:00,Tuesday,Rainy,94,49,Low
13:00,Thursday,Cloudy,209,40,Medium
08:00,Wednesday,Rainy,270,47,High
06:00,Wednesday,Rainy,75,62,Low
20:00,Sunday,Sunny,182,22,Medium
14:00,Thursday,Rainy,165,59,Medium
20:00,Thursday,Cloudy,245,80,High
19:00,Thursday,Sunny,151,77,Medium
06:00,Wednesday,Cloudy,164,72,Medium
11:00,Friday,Sunny,203,35,Medium
14:00,Thursday,Sunny,193,15,High
21:00,Wednesday,Sunny,115,26,Medium
18:00,Tuesday,Sunny,42,19,High
08:00,Tuesday,Rainy,62,50,Low
14:00,Tuesday,Sunny,236,53,High
10:00,Wednesday,Cloudy,104,77,Low
17:00,Wednesday,Sunny,127,48,Medium
12:00,Saturday,Sunny,181,25,Medium
09:00,Friday,Cloudy,106,37,Medium
08:00,Monday,Sunny,206,25,Medium
16:00,Monday,Sunny,113,13,High
15:00,Monday,Cloudy,174,32,Medium
21:00,Thursday,Rainy,96,70,Low
15:00,Tuesday,Sunny,189,47,Medium
06:00,Friday,Sunny,225,25,High
22:00,Thursday,Cloudy,61,30,Medium
18:00,Friday,Rainy,256,29,High
06:00,Monday,Rainy,235,27,High
07:00,Saturday,Cloudy,140,31,Medium
22:00,Wednesday,Cloudy,89,54,Low
13:00,Friday,Cloudy,147,15,High
13:00,Wednesday,Rainy,59,52,Low
21:00,Sunday,Cloudy,189,11,High
19:00,Thursday,Cloudy,157,44,Medium
17:00,Wednesday,Cloudy,175,69,Medium
18:00,Sunday,Sunny,194,22,Medium
13:00,Tuesday,Rainy,239,24,High
06:00,Tuesday,Sunny,244,35,High
16:00,Monday,Cloudy,64,75,Low
18:00,Tuesday,Rainy,274,61,High
17:00,Friday,Rainy,103,22,Medium
16:00,Wednesday,Sunny,71,57,Low
19:00,Monday,Rainy,259,80,High
22:00,Friday,Cloudy,217,73,Medium
21:00,Monday,Sunny,194,66,Medium
22:00,Saturday,Rainy,222,78,High
21:00,Tuesday,Cloudy,69,16,High
22:00,Tuesday,Rainy,123,32,Medium
16:00,Tuesday,Sunny,270,42,High
10:00,Sunday,Rainy,101,76,Low
13:00,Thursday,Cloudy,30,54,Low
14:00,Friday,Cloudy,78,75,Low
12:00,Tuesday,Sunny,250,66,High
16:00,Tuesday,Cloudy,117,10,High
07:00,Saturday,Sunny,199,47,Medium
17:00,Wednesday,Rainy,210,44,Medium
07:00,Sunday,Sunny,290,43,High
21:00,Friday,Rainy,238,36,High
21:00,Wednesday,Rainy,287,75,High
21:00,Thursday,Rainy,210,20,Medium
16:00,Tuesday,Sunny,155,52,Medium
16:00,Saturday,Cloudy,108,11,High
14:00,Sunday,Cloudy,68,38,Medium
21:00,Tuesday,Cloudy,21,69,Low
21:00,Sunday,Cloudy,256,14,High
13:00,Monday,Sunny,85,23,Medium
21:00,Wednesday,Cloudy,192,63,Medium
16:00,Saturday,Sunny,24,72,Low
13:00,Sunday,Sunny,116,28,Medium
15:00,Monday,Cloudy,247,65,High
22:00,Sunday,Cloudy,162,11,High
12:00,Sunday,Rainy,63,17,High
09:00,Thursday,Sunny,54,31,Medium
14:00,Thursday,Cloudy,136,65,Medium
08:00,Saturday,Rainy,195,74,Medium
16:00,Thursday,Sunny,109,29,Medium
14:00,Saturday,Rainy,172,25,Medium
21:00,Thursday,Cloudy,246,68,High
19:00,Thursday,Sunny,73,16,High
08:00,Sunday,Sunny,172,41,Medium
22:00,Friday,Sunny,266,31,High
08:00,Sunday,Sunny,21,53,Low
07:00,Wednesday,Sunny,176,63,Medium
11:00,Thursday,Rainy,24,50,Low
17:00,Thursday,Cloudy,199,36,Medium
22:00,Tuesday,Rainy,283,31,High
16:00,Sunday,Rainy,137,39,Medium
16:00,Sunday,Cloudy,79,33,Medium
07:00,Wednesday,Cloudy,42,10,High
09:00,Tuesday,Cloudy,33,47,Low
18:00,Monday,Sunny,88,33,Medium
08:00,Thursday,Cloudy,103,19,High
12:00,Sunday,Rainy,39,65,Low
12:00,Friday,Rainy,118,40,Low
06:00,Tuesday,Sunny,284,47,High
18:00,Monday,Cloudy,169,59,Medium
12:00,Wednesday,Rainy,41,80,Low
10:00,Sunday,Rainy,214,41,Medium
18:00,Sunday,Rainy,43,46,Low
15:00,Monday,Cloudy,123,55,Medium
12:00,Wednesday,Sunny,146,75,Medium
13:00,Tuesday,Cloudy,115,32,Medium
13:00,Sunday,Rainy,247,51,High
14:00,Tuesday,Sunny,86,27,Medium
16:00,Friday,Cloudy,190,19,High
08:00,Wednesday,Cloudy,27,60,Low
09:00,Wednesday,Cloudy,192,27,Medium
11:00,Thursday,Cloudy,51,50,Low
10:00,Saturday,Cloudy,197,47,Medium
22:00,Saturday,Rainy,93,10,High
08:00,Thursday,Sunny,188,27,Medium
20:00,Friday,Rainy,130,50,Medium
14:00,Wednesday,Rainy,92,13,High
06:00,Saturday,Rainy,241,14,High
13:00,Wednesday,Sunny,173,36,Medium
17:00,Friday,Cloudy,98,27,Medium
16:00,Friday,Sunny,163,31,Medium
21:00,Monday,Rainy,233,59,High
18:00,Saturday,Sunny,97,13,High
16:00,Tuesday,Rainy,218,76,Medium
17:00,Tuesday,Cloudy,183,39,Medium
07:00,Saturday,Cloudy,35,33,Medium
09:00,Saturday,Rainy,48,70,Low
10:00,Sunday,Cloudy,163,40,Medium
22:00,Sunday,Sunny,57,50,Low
12:00,Tuesday,Rainy,154,42,Medium
11:00,Monday,Sunny,195,64,Medium
21:00,Thursday,Cloudy,110,46,Low
15:00,Tuesday,Rainy,137,64,Medium
17:00,Wednesday,Cloudy,108,21,Medium
08:00,Friday,Cloudy,220,54,Medium
22:00,Wednesday,Rainy,131,38,Medium
12:00,Thursday,Rainy,64,14,High
14:00,Monday,Sunny,124,49,Medium
10:00,Sunday,Sunny,54,77,Low
16:00,Sunday,Rainy,263,38,High
06:00,Saturday,Rainy,41,19,High
08:00,Monday,Rainy,138,39,Medium
16:00,Sunday,Sunny,229,38,High
08:00,Thursday,Sunny,79,39,Medium
20:00,Wednesday,Rainy,239,27,High
19:00,Sunday,Sunny,70,19,High
11:00,Tuesday,Sunny,217,33,Medium
16:00,Sunday,Rainy,162,53,Medium
08:00,Friday,Rainy,234,60,High
12:00,Sunday,Sunny,268,35,High
21:00,Saturday,Rainy,47,10,High
11:00,Thursday,Sunny,87,41,Low
08:00,Saturday,Rainy,182,27,Medium
20:00,Monday,Rainy,107,60,Low
06:00,Friday,Sunny,157,50,Medium
17:00,Sunday,Sunny,97,14,High
19:00,Sunday,Cloudy,60,39,Medium
14:00,Saturday,Rainy,205,57,Medium
12:00,Wednesday,Sunny,245,57,High
10:00,Wednesday,Rainy,158,66,Medium
12:00,Friday,Cloudy,64,19,High
17:00,Sunday,Sunny,129,37,Medium
12:00,Wednesday,Rainy,78,28,Medium
16:00,Saturday,Rainy,237,66,High
13:00,Friday,Cloudy,90,59,Low
10:00,Wednesday,Sunny,49,39,Medium
17:00,Sunday,Sunny,264,30,High
21:00,Friday,Rainy,124,76,Medium
22:00,Sunday,Sunny,143,42,Medium
19:00,Sunday,Cloudy,160,70,Medium
16:00,Friday,Sunny,277,73,High
11:00,Wednesday,Cloudy,126,79,Medium
09:00,Thursday,Cloudy,38,32,Medium
19:00,Thursday,Cloudy,285,25,High
18:00,Tuesday,Cloudy,172,57,Medium
18:00,Sunday,Cloudy,189,42,Medium
20:00,Saturday,Sunny,275,64,High
07:00,Sunday,Cloudy,270,69,High
19:00,Thursday,Sunny,275,77,High
14:00,Saturday,Sunny,232,30,High
12:00,Sunday,Sunny,42,39,Medium
11:00,Tuesday,Rainy,212,76,Medium
22:00,Friday,Sunny,82,10,High
15:00,Wednesday,Cloudy,106,55,Low
11:00,Wednesday,Sunny,167,79,Medium
21:00,Monday,Rainy,37,77,Low
14:00,Sunday,Rainy,74,53,Low
21:00,Thursday,Cloudy,261,12,High
13:00,Tuesday,Cloudy,54,55,Low
08:00,Friday,Cloudy,83,62,Low
17:00,Thursday,Cloudy,185,20,Medium
10:00,Friday,Rainy,246,69,High
07:00,Saturday,Cloudy,115,11,High
18:00,Monday,Cloudy,199,27,Medium
17:00,Friday,Sunny,270,18,High
08:00,Sunday,Cloudy,72,15,High
21:00,Monday,Rainy,169,66,Medium
21:00,Sunday,Cloudy,232,26,High
19:00,Saturday,Sunny,264,20,High
20:00,Friday,Sunny,189,77,Medium
09:00,Tuesday,Cloudy,124,77,Medium
21:00,Monday,Sunny,69,32,Medium
22:00,Tuesday,Sunny,167,28,Medium
19:00,Thursday,Rainy,177,80,Medium
09:00,Saturday,Cloudy,43,22,Medium
15:00,Wednesday,Sunny,290,16,High
20:00,Wednesday,Rainy,27,21,Medium
09:00,Saturday,Cloudy,40,79,Low
12:00,Tuesday,Rainy,256,55,High
16:00,Friday,Cloudy,92,25,Medium
20:00,Wednesday,Sunny,182,67,Medium
07:00,Friday,Rainy,187,42,Medium
13:00,Sunday,Cloudy,222,14,High
11:00,Thursday,Rainy,62,68,Low
14:00,Tuesday,Sunny,285,69,High
07:00,Sunday,Cloudy,286,67,High
14:00,Tuesday,Sunny,44,64,Low
13:00,Thursday,Rainy,216,52,Medium
06:00,Friday,Rainy,119,33,Medium
10:00,Tuesday,Sunny,276,68,High
15:00,Tuesday,Sunny,189,22,Medium
12:00,Sunday,Sunny,151,21,Medium
17:00,Monday,Sunny,126,27,Medium
17:00,Monday,Cloudy,235,26,High
13:00,Saturday,Rainy,140,78,Medium
13:00,Friday,Cloudy,66,77,Low
16:00,Friday,Sunny,132,76,Medium
22:00,Friday,Rainy,230,78,High
08:00,Saturday,Rainy,40,52,Low
17:00,Saturday,Rainy,56,18,High
12:00,Wednesday,Rainy,192,24,Medium
12:00,Thursday,Cloudy,165,45,Medium
09:00,Monday,Sunny,232,36,High
19:00,Saturday,Sunny,294,51,High
13:00,Tuesday,Sunny,153,10,High
10:00,Friday,Cloudy,145,23,Medium
21:00,Thursday,Cloudy,50,24,Medium
18:00,Thursday,Cloudy,93,13,High
16:00,Saturday,Cloudy,172,28,Medium
09:00,Wednesday,Rainy,145,71,Medium
08:00,Sunday,Sunny,39,62,Low
12:00,Sunday,Sunny,84,52,Low
14:00,Tuesday,Cloudy,248,24,High
20:00,Tuesday,Sunny,133,16,High
07:00,Sunday,Rainy,89,19,High
18:00,Friday,Rainy,149,69,Medium
13:00,Tuesday,Sunny,279,40,High
22:00,Monday,Rainy,268,46,High
20:00,Friday,Rainy,30,24,Medium
18:00,Sunday,Sunny,52,50,Low
18:00,Monday,Rainy,102,40,Low
19:00,Thursday,Rainy,125,72,Medium
15:00,Wednesday,Cloudy,141,13,High
14:00,Sunday,Cloudy,113,22,Medium
13:00,Thursday,Rainy,159,34,Medium
13:00,Saturday,Sunny,261,14,High
18:00,Saturday,Cloudy,263,20,High
15:00,Friday,Rainy,79,76,Low
21:00,Friday,Sunny,144,60,Medium
14:00,Tuesday,Sunny,31,31,Medium
21:00,Saturday,Rainy,25,52,Low
11:00,Thursday,Sunny,134,10,High
10:00,Friday,Cloudy,296,50,High
17:00,Tuesday,Sunny,157,70,Medium
22:00,Thursday,Rainy,233,67,High
11:00,Wednesday,Rainy,56,70,Low
09:00,Thursday,Sunny,24,76,Low
11:00,Wednesday,Sunny,90,64,Low
10:00,Tuesday,Sunny,74,74,Low
15:00,Saturday,Sunny,288,36,High
18:00,Thursday,Rainy,299,72,High
22:00,Sunday,Cloudy,127,47,Medium
16:00,Sunday,Sunny,52,41,Low
19:00,Sunday,Rainy,198,42,Medium
20:00,Friday,Sunny,169,10,High
06:00,Monday,Cloudy,54,61,Low
08:00,Monday,Rainy,212,37,Medium
20:00,Thursday,Sunny,20,56,Low
19:00,Tuesday,Cloudy,199,74,Medium
09:00,Tuesday,Cloudy,74,10,High
13:00,Tuesday,Rainy,123,71,Medium
19:00,Tuesday,Cloudy,60,43,Low
17:00,Sunday,Rainy,102,64,Low
21:00,Tuesday,Sunny,106,76,Low
10:00,Sunday,Rainy,202,60,Medium
12:00,Wednesday,Rainy,162,54,Medium
19:00,Friday,Rainy,204,18,High
08:00,Thursday,Cloudy,29,66,Low
10:00,Wednesday,Cloudy,270,42,High
11:00,Sunday,Rainy,187,59,Medium
09:00,Friday,Rainy,275,45,High
10:00,Wednesday,Rainy,22,11,High
21:00,Friday,Sunny,125,42,Medium
08:00,Wednesday,Rainy,224,49,High
10:00,Friday,Sunny,37,31,Medium
14:00,Friday,Sunny,96,75,Low
14:00,Friday,Sunny,111,25,Medium
16:00,Tuesday,Cloudy,246,32,High
12:00,Saturday,Rainy,278,16,High
22:00,Sunday,Sunny,23,46,Low
15:00,Friday,Cloudy,159,26,Medium
08:00,Sunday,Rainy,251,50,High
11:00,Friday,Rainy,151,64,Medium
20:00,Thursday,Rainy,252,48,High
16:00,Thursday,Rainy,55,31,Medium
12:00,Wednesday,Rainy,164,33,Medium
16:00,Thursday,Cloudy,57,69,Low
12:00,Saturday,Sunny,121,47,Medium
10:00,Saturday,Cloudy,66,34,Medium
13:00,Friday,Cloudy,272,73,High
20:00,Thursday,Rainy,163,42,Medium
08:00,Friday,Rainy,114,54,Low
09:00,Wednesday,Cloudy,91,36,Medium
13:00,Sunday,Cloudy,140,70,Medium
16:00,Sunday,Cloudy,43,54,Low
13:00,Sunday,Sunny,107,74,Low
22:00,Thursday,Cloudy,206,53,Medium
16:00,Friday,Sunny,51,30,Medium
15:00,Sunday,Rainy,232,80,High
10:00,Monday,Cloudy,115,78,Low
11:00,Saturday,Rainy,93,19,High
15:00,Saturday,Sunny,79,67,Low
16:00,Tuesday,Sunny,148,62,Medium
13:00,Monday,Rainy,92,71,Low
16:00,Monday,Sunny,164,18,High
18:00,Tuesday,Sunny,243,41,High
09:00,Wednesday,Cloudy,223,78,High
12:00,Sunday,Rainy,42,79,Low
06:00,Wednesday,Cloudy,256,72,High
21:00,Tuesday,Sunny,95,37,Medium
06:00,Saturday,Cloudy,297,58,High
22:00,Wednesday,Rainy,164,80,Medium
19:00,Wednesday,Cloudy,195,59,Medium
15:00,Tuesday,Rainy,139,61,Medium
18:00,Friday,Rainy,69,16,High
20:00,Wednesday,Sunny,261,10,High
16:00,Thursday,Rainy,253,26,High
09:00,Friday,Sunny,41,23,Medium
14:00,Monday,Cloudy,234,14,High
20:00,Monday,Cloudy,206,38,Medium
21:00,Thursday,Rainy,24,59,Low
10:00,Monday,Cloudy,121,44,Medium
15:00,Monday,Sunny,200,58,Medium
20:00,Sunday,Rainy,171,67,Medium
08:00,Friday,Sunny,213,20,Medium
20:00,Wednesday,Cloudy,219,49,Medium
22:00,Thursday,Cloudy,260,60,High
15:00,Saturday,Sunny,63,70,Low
13:00,Monday,Cloudy,125,54,Medium
15:00,Sunday,Rainy,35,30,Medium
06:00,Monday,Rainy,212,14,High
07:00,Friday,Sunny,225,52,High
16:00,Saturday,Cloudy,188,73,Medium
17:00,Sunday,Sunny,212,12,High
09:00,Thursday,Sunny,294,69,High
19:00,Saturday,Cloudy,248,61,High
12:00,Sunday,Rainy,119,62,Low
12:00,Monday,Rainy,44,74,Low
20:00,Sunday,Cloudy,251,74,High
08:00,Sunday,Sunny,156,68,Medium
12:00,Monday,Rainy,76,73,Low
16:00,Wednesday,Cloudy,168,75,Medium
21:00,Sunday,Sunny,197,48,Medium
13:00,Wednesday,Rainy,126,16,High
15:00,Monday,Cloudy,45,64,Low
12:00,Tuesday,Cloudy,248,56,High
14:00,Tuesday,Sunny,237,38,High
13:00,Friday,Rainy,45,13,High
10:00,Thursday,Sunny,256,65,High
07:00,Friday,Cloudy,225,67,High
14:00,Tuesday,Cloudy,207,56,Medium
06:00,Sunday,Cloudy,49,10,High
09:00,Tuesday,Rainy,224,57,High
17:00,Monday,Rainy,280,56,High
17:00,Wednesday,Sunny,255,11,High
22:00,Saturday,Rainy,215,53,Medium
06:00,Wednesday,Rainy,159,34,Medium
17:00,Wednesday,Rainy,90,21,Medium
06:00,Tuesday,Rainy,66,16,High
09:00,Monday,Sunny,123,29,Medium
11:00,Wednesday,Cloudy,132,33,Medium
06:00,Sunday,Cloudy,162,65,Medium
11:00,Tuesday,Rainy,36,46,Low
21:00,Monday,Rainy,109,14,High
21:00,Friday,Sunny,206,47,Medium
18:00,Saturday,Sunny,44,40,Low
17:00,Saturday,Rainy,259,43,High
09:00,Friday,Rainy,179,66,Medium
14:00,Wednesday,Sunny,73,68,Low
12:00,Friday,Sunny,190,28,Medium
10:00,Sunday,Cloudy,119,55,Low
13:00,Tuesday,Rainy,182,49,Medium
13:00,Tuesday,Sunny,246,13,High
22:00,Friday,Cloudy,118,59,Low
12:00,Saturday,Sunny,246,12,High
09:00,Wednesday,Sunny,132,24,Medium
12:00,Monday,Cloudy,230,70,High
10:00,Tuesday,Rainy,159,12,High
22:00,Monday,Rainy,112,28,Medium
12:00,Tuesday,Cloudy,181,54,Medium
16:00,Tuesday,Rainy,170,72,Medium
06:00,Monday,Cloudy,280,36,High
09:00,Sunday,Sunny,89,65,Low
10:00,Sunday,Cloudy,228,38,High
06:00,Saturday,Sunny,243,19,High
11:00,Sunday,Sunny,146,23,Medium
22:00,Monday,Sunny,234,62,High
14:00,Sunday,Cloudy,210,22,Medium
13:00,Wednesday,Sunny,181,36,Medium
09:00,Tuesday,Rainy,132,22,Medium
08:00,Friday,Rainy,116,59,Low
15:00,Tuesday,Cloudy,218,69,Medium
09:00,Tuesday,Cloudy,44,34,Medium
15:00,Saturday,Cloudy,266,26,High
08:00,Sunday,Rainy,168,78,Medium
10:00,Monday,Cloudy,217,22,Medium
13:00,Saturday,Rainy,29,48,Low
15:00,Monday,Sunny,68,60,Low
15:00,Tuesday,Sunny,29,65,Low
16:00,Monday,Sunny,114,11,High
20:00,Thursday,Rainy,119,33,Medium
10:00,Monday,Cloudy,290,59,High
11:00,Sunday,Sunny,185,67,Medium
21:00,Tuesday,Cloudy,40,13,High
17:00,Wednesday,Cloudy,101,72,Low
09:00,Thursday,Sunny,191,47,Medium
16:00,Monday,Rainy,194,27,Medium
07:00,Wednesday,Sunny,235,76,High
06:00,Wednesday,Sunny,163,12,High
12:00,Monday,Sunny,136,12,High
09:00,Saturday,Cloudy,59,32,Medium
11:00,Thursday,Cloudy,279,62,High
17:00,Wednesday,Sunny,222,17,High
12:00,Tuesday,Sunny,270,63,High
11:00,Sunday,Cloudy,103,52,Low
18:00,Wednesday,Rainy,65,45,Low
13:00,Wednesday,Sunny,166,80,Medium
19:00,Tuesday,Rainy,49,17,High
16:00,Sunday,Cloudy,108,24,Medium
06:00,Sunday,Rainy,21,76,Low
17:00,Tuesday,Cloudy,177,73,Medium
06:00,Saturday,Rainy,153,69,Medium
10:00,Tuesday,Rainy,182,24,Medium
20:00,Saturday,Cloudy,279,75,High
16:00,Sunday,Sunny,159,38,Medium
20:00,Thursday,Cloudy,258,42,High
22:00,Thursday,Rainy,238,74,High
13:00,Monday,Cloudy,191,48,Medium
17:00,Sunday,Sunny,94,10,High
20:00,Wednesday,Rainy,51,40,Low
07:00,Friday,Rainy,246,48,High
20:00,Tuesday,Cloudy,202,34,Medium
12:00,Monday,Rainy,21,77,Low
11:00,Thursday,Rainy,43,62,Low
16:00,Wednesday,Sunny,83,62,Low
18:00,Wednesday,Cloudy,74,76,Low
13:00,Sunday,Rainy,164,55,Medium
07:00,Sunday,Sunny,238,34,High
22:00,Sunday,Rainy,54,15,High
11:00,Wednesday,Cloudy,298,77,High
17:00,Monday,Cloudy,256,44,High
06:00,Tuesday,Cloudy,78,51,Low
12:00,Saturday,Cloudy,128,42,Medium
18:00,Thursday,Sunny,161,23,Medium
22:00,Tuesday,Sunny,108,43,Low
17:00,Wednesday,Cloudy,77,22,Medium
21:00,Monday,Sunny,48,51,Low
09:00,Saturday,Rainy,123,13,High
12:00,Friday,Sunny,230,73,High
12:00,Monday,Sunny,226,73,High
20:00,Monday,Cloudy,64,49,Low
07:00,Tuesday,Rainy,273,68,High
10:00,Thursday,Sunny,204,25,Medium
22:00,Wednesday,Rainy,237,42,High
07:00,Tuesday,Sunny,180,52,Medium
17:00,Friday,Sunny,85,34,Medium
14:00,Saturday,Rainy,108,39,Medium
21:00,Sunday,Sunny,153,55,Medium
07:00,Thursday,Cloudy,93,78,Low
06:00,Saturday,Sunny,173,56,Medium
21:00,Sunday,Sunny,47,65,Low
17:00,Saturday,Rainy,221,34,High
14:00,Thursday,Sunny,287,69,High
11:00,Thursday,Cloudy,282,38,High
18:00,Wednesday,Sunny,31,72,Low
09:00,Saturday,Rainy,93,51,Low
13:00,Monday,Rainy,155,48,Medium
22:00,Saturday,Sunny,24,48,Low
22:00,Sunday,Cloudy,38,10,High
10:00,Wednesday,Rainy,160,35,Medium
09:00,Friday,Sunny,107,53,Low
19:00,Wednesday,Sunny,272,80,High
13:00,Tuesday,Cloudy,34,61,Low
09:00,Sunday,Sunny,196,79,Medium
12:00,Monday,Cloudy,208,29,Medium
07:00,Wednesday,Rainy,55,73,Low
09:00,Sunday,Sunny,204,77,Medium
11:00,Sunday,Sunny,235,80,High
07:00,Monday,Cloudy,36,55,Low
09:00,Monday,Rainy,253,10,High
07:00,Wednesday,Rainy,189,35,Medium
14:00,Friday,Sunny,117,35,Medium
14:00,Saturday,Cloudy,166,26,Medium
09:00,Friday,Rainy,73,53,Low
12:00,Friday,Sunny,48,72,Low
08:00,Saturday,Sunny,197,77,Medium
17:00,Wednesday,Sunny,279,37,High
17:00,Monday,Cloudy,253,32,High
19:00,Tuesday,Rainy,105,43,Low
12:00,Tuesday,Sunny,29,28,Medium
16:00,Saturday,Cloudy,239,80,High
21:00,Friday,Sunny,23,42,Low
22:00,Friday,Cloudy,278,52,High
10:00,Saturday,Sunny,288,17,High
10:00,Saturday,Rainy,211,48,Medium
12:00,Sunday,Cloudy,262,80,High
21:00,Monday,Cloudy,24,12,High
10:00,Monday,Sunny,256,29,High
21:00,Wednesday,Sunny,189,46,Medium
18:00,Sunday,Sunny,42,71,Low
17:00,Thursday,Cloudy,126,11,High
13:00,Tuesday,Cloudy,92,15,High
14:00,Friday,Sunny,186,38,Medium
12:00,Monday,Cloudy,140,61,Medium
17:00,Thursday,Cloudy,288,12,High
21:00,Wednesday,Sunny,277,36,High
14:00,Thursday,Cloudy,115,56,Low
19:00,Friday,Sunny,68,43,Low
14:00,Sunday,Rainy,46,38,Medium
18:00,Saturday,Cloudy,225,75,High
14:00,Friday,Sunny,146,54,Medium
07:00,Wednesday,Cloudy,161,19,High
08:00,Tuesday,Cloudy,162,20,Medium
16:00,Friday,Cloudy,251,69,High
07:00,Wednesday,Rainy,216,72,Medium
10:00,Tuesday,Cloudy,162,21,Medium
11:00,Saturday,Rainy,99,65,Low
17:00,Wednesday,Sunny,52,24,Medium
08:00,Friday,Sunny,201,47,Medium
18:00,Sunday,Cloudy,35,15,High
19:00,Thursday,Sunny,72,53,Low
07:00,Thursday,Sunny,101,16,High
14:00,Sunday,Sunny,230,29,High
09:00,Saturday,Cloudy,152,68,Medium
11:00,Tuesday,Rainy,71,33,Medium
17:00,Wednesday,Cloudy,191,45,Medium
14:00,Friday,Cloudy,260,70,High
15:00,Saturday,Sunny,172,29,Medium
10:00,Monday,Sunny,113,74,Low
10:00,Wednesday,Rainy,42,52,Low
09:00,Wednesday,Cloudy,77,69,Low
09:00,Thursday,Cloudy,142,27,Medium
18:00,Sunday,Cloudy,43,62,Low
06:00,Wednesday,Rainy,43,46,Low
22:00,Thursday,Sunny,192,16,High
12:00,Sunday,Cloudy,123,48,Medium
20:00,Saturday,Cloudy,137,40,Medium
11:00,Wednesday,Rainy,49,11,High
19:00,Tuesday,Cloudy,134,15,High
10:00,Thursday,Cloudy,271,18,High
20:00,Friday,Rainy,250,25,High
21:00,Monday,Sunny,190,68,Medium
14:00,Wednesday,Cloudy,46,63,Low
21:00,Sunday,Sunny,237,51,High
14:00,Saturday,Sunny,298,45,High
20:00,Thursday,Sunny,184,17,High
19:00,Sunday,Sunny,241,72,High
18:00,Wednesday,Cloudy,61,51,Low
18:00,Sunday,Rainy,260,66,High
22:00,Sunday,Rainy,25,47,Low
20:00,Sunday,Cloudy,94,66,Low
08:00,Monday,Rainy,202,46,Medium
11:00,Wednesday,Cloudy,55,40,Low
18:00,Wednesday,Rainy,94,67,Low
20:00,Wednesday,Rainy,215,80,Medium
14:00,Monday,Rainy,270,44,High
11:00,Thursday,Cloudy,240,39,High
14:00,Sunday,Sunny,23,42,Low
18:00,Friday,Sunny,83,49,Low
15:00,Saturday,Rainy,288,43,High
13:00,Wednesday,Rainy,146,35,Medium
12:00,Thursday,Cloudy,228,31,High
16:00,Tuesday,Rainy,169,68,Medium
13:00,Monday,Rainy,271,76,High
20:00,Tuesday,Cloudy,47,79,Low
07:00,Sunday,Rainy,134,68,Medium
17:00,Thursday,Sunny,99,78,Low
22:00,Monday,Cloudy,286,53,High
15:00,Monday,Cloudy,74,11,High
19:00,Wednesday,Cloudy,20,67,Low
19:00,Friday,Rainy,276,55,High
14:00,Wednesday,Rainy,105,27,Medium
12:00,Monday,Sunny,107,11,High
13:00,Sunday,Sunny,279,57,High
22:00,Thursday,Rainy,168,80,Medium
08:00,Sunday,Sunny,106,31,Medium
14:00,Thursday,Rainy,24,11,High
20:00,Sunday,Cloudy,68,56,Low
20:00,Tuesday,Sunny,43,33,Medium
22:00,Saturday,Rainy,74,20,Medium
06:00,Saturday,Cloudy,293,69,High
17:00,Wednesday,Sunny,278,76,High
09:00,Saturday,Cloudy,244,73,High
08:00,Monday,Cloudy,36,62,Low
07:00,Tuesday,Cloudy,262,12,High
19:00,Thursday,Cloudy,163,45,Medium
08:00,Friday,Sunny,180,47,Medium
06:00,Sunday,Sunny,179,50,Medium
12:00,Monday,Rainy,202,38,Medium
19:00,Monday,Sunny,220,66,Medium
15:00,Saturday,Rainy,231,70,High
08:00,Thursday,Cloudy,186,53,Medium
08:00,Wednesday,Rainy,230,20,High
07:00,Friday,Rainy,100,71,Low
14:00,Wednesday,Cloudy,221,37,High
19:00,Friday,Sunny,56,77,Low
